{"s1|s2": 0.615891362872078, "s1|s3": 0.0, "s1|s4": 0.0143964500373898, "s2|s4": 0.003612834216416162, "s3|s4": 0.7795694037986896, "h1|s4": 0.049867861952545445, "c1|s1": 0.7736040435371022, "c2|s1": 0.00022355306754582528, "c3|s2": 0.003612834216416162, "c4|s3": 0.7797714390326641}