{"s1|s2": 5.329189280413605, "s1|s3": 0.0, "s1|s4": 8.050763179186323, "s2|s4": 12.575727624264347, "s3|s4": 8.02773458247075, "h1|s4": 27.892892747980724, "c1|s1": 5.3292142097175725, "c2|s1": 8.050763179186323, "c3|s2": 7.331463225255482, "c4|s3": 8.02773458247075}