{"core1|s1": 0.0, "core1|s2": 0.0, "s1|s5": 0.0, "s1|s3": 0.0, "s3|s7": 0.0, "s3|s8": 0.0, "s4|s7": 0.004759320783642761, "s4|s8": 0.003962547595339745, "s5|s9": 0.0, "s10|s5": 0.0, "s6|s9": 0.00411346233532879, "s10|s6": 0.006179524104531519, "s2|s4": 0.008721868378982506, "s2|s6": 0.010292986439860308, "h1|s2": 0.01900696113637143, "c1|s7": 0.0021534947359218605, "c2|s7": 0.002600697598264101, "c3|s8": 0.0019799819700591667, "c4|s8": 0.001982646817932732, "c5|s9": 0.001948415775620279, "c6|s9": 0.002158695620256894, "c7|s10": 0.0026002137736087848, "c8|s10": 0.003575293938712079}