{"core1|s1": 0.0, "core1|s2": 0.0, "s1|s5": 0.0, "s1|s3": 0.0, "s2|s4": 0.018429318037356698, "s2|s6": 0.01422905541980012, "s3|s7": 0.0, "s3|s8": 0.0, "s4|s7": 0.009183016884261102, "s4|s8": 0.009175184592389172, "s5|s9": 0.0, "s10|s5": 0.0, "s6|s9": 0.006942038227936798, "s10|s6": 0.007287017191863321, "h1|s2": 0.032781969208933545, "c1|s7": 0.005615839742391181, "c2|s7": 0.00356717714186992, "c3|s8": 0.005596382225200725, "c4|s8": 0.003578802367188446, "c5|s9": 0.0035804734178067317, "c6|s9": 0.00340425324959253, "c7|s10": 0.0037482505243098046, "c8|s10": 0.0035723013531828865}