{"core1|s1": 0.0, "core1|s2": 0.0, "s1|s5": 0.0, "s1|s3": 0.0, "s3|s7": 0.0, "s3|s8": 0.0, "s4|s7": 1.0348339652590381, "s4|s8": 1.0915501840553632, "s5|s9": 0.0, "s10|s5": 0.0, "s6|s9": 1.0623222187189767, "s10|s6": 1.050341441735246, "s2|s4": 2.1226502960671976, "s2|s6": 2.114329878882089, "h1|s2": 4.7182561349555385, "c1|s7": 0.5167230602341515, "c2|s7": 0.5183933633705802, "c3|s8": 0.5065986759281826, "c4|s8": 0.578581744274366, "c5|s9": 0.5249870018069949, "c6|s9": 0.52797794745267, "c7|s10": 0.5257785734231211, "c8|s10": 0.5238759763197963}