{"core1|s1": 0.019161378118305178, "core1|s2": 0.019161034900139935, "s1|s5": 0.009776117209967057, "s1|s3": 0.00938524063903934, "s3|s7": 0.005725872504852227, "s3|s8": 0.003659383451618336, "s4|s7": 0.0, "s4|s8": 0.0, "s5|s9": 0.00405831198650972, "s10|s5": 0.005717805223457338, "s6|s9": 0.0, "s10|s6": 0.0, "s2|s4": 0.0, "s2|s6": 0.0, "h1|s2": 0.019161034900139935, "c1|s7": 0.001629104762531325, "c2|s7": 0.0016344112927024368, "c3|s8": 0.00145414967046849, "c4|s8": 0.0029136064565226313, "c5|s9": 0.001626489180799728, "c6|s9": 0.0014566762810098706, "c7|s10": 0.0024224982590308154, "c8|s10": 0.0014593363006209733}